start_time_s,size_bytes,rate_bps,dest,type
0.002952,28000,5658024509.08,96526180,type A
0.004406,1177,3991952365.64,5351311,type A
0.011285,74908,4929770342.30,21377650,type A
0.012194,141819,4674194862.47,66953722,type A
0.012820,4865995,290352416.50,675,type B
0.014252,4264,4723647082.34,5330551,type A
0.017086,51067,4505032776.15,61772289,type A
0.028080,4865995,244931102.42,1442,type B
0.028202,4865995,1435736344.78,1638,type B
0.032154,4865995,285343279.43,1440,type B
